ASIN,itemID,clothesType
6041006041,1,1
978980539X,2,1
B0000ANDU4,3,2
B0000AT7N2,4,2
B0000AU640,5,2
B0000AUF5F,6,2
B0000AWHQ4,7,2
B0000AWKC7,8,2
B0000AWM3B,9,1
B0000BNFAN,10,2
B0000BNGCD,11,2
B0000BRNB5,12,2
B0000C3ACI,13,2
B0000CB9A6,14,2
B0000CB9TZ,15,2
B0000DZJMH,16,2
B0000TW41Y,17,2
B0000TW4EG,18,2
B0000VC1OC,19,1
B000A09GRI,20,2
B000A131D2,21,1
B000A1G7FQ,22,1
B000A2BIS6,23,1
B000A2CQZ0,24,1
B000A33EPK,25,1
B000A34LKW,26,1
B000A3844G,27,1
B000A384QY,28,1
B000A38BGM,29,2
B000A38CCK,30,2
B000A38CJ8,31,2
B000A38CXY,32,2
B000A38DY2,33,2
B000A38FYU,34,1
B000A38HH0,35,1
B000A38Y28,36,1
B000A7X9SS,37,1
B000A8M5X2,38,2
B000AAS3OK,39,1
B000AATRB8,40,1
B000AEJNEA,41,1
B000AEJNMC,42,1
B000AELTGU,43,2
B000AIF1YW,44,1
B000AIHM0S,45,1
B000ALEHDU,46,1
B000ALY30W,47,1
B000AMETFU,48,1
B000ANZF0M,49,1
B000AO0KZ6,50,2
B000ARJF7W,51,1
B000ARLYDU,52,1
B000AT8GEI,53,1
B000ATHUF4,54,1
B000AXQVPU,55,1
B000AY0T4I,56,1
B000AYA0V0,57,1
B000AYDBP2,58,2
B000B52RI2,59,1
B000B65MNI,60,1
B000B6NTAG,61,1
B000B7MG5Y,62,1
B000B7OZMG,63,1
B000B8K8TO,64,1
B000B8K9MK,65,1
B000B8VVIG,66,1
B000BB7EK2,67,1
B000BBABAM,68,1
B000BCIK54,69,1
B000BD5C72,70,1
B000BDD63Y,71,2
B000BDDFWQ,72,1
B000BDG1D6,73,1
B000BFH7FA,74,1
B000BH28IO,75,1
B000BI2PVI,76,1
B000BI2QI0,77,1
B000BI4DIG,78,1
B000BI4DVS,79,1
B000BI81SO,80,1
B000BKBI14,81,1
B000BKBWYW,82,1
B000BKIAXS,83,1
B000BM6B78,84,1
B000BMAL4W,85,1
B000BN4L0Q,86,1
B000BNGZK0,87,1
B000BNM66W,88,1
B000BNQLMC,89,1
B000BNSGL6,90,1
B000BNXVRA,91,1
B000BNXZ80,92,1
B000BNZDJY,93,1
B000BPOBPO,94,1
B000BPUW3O,95,1
B000BPWTWQ,96,1
B000BQ1HNC,97,1
B000BQ4NEC,98,1
B000BRELWA,99,1
B000BRRL4U,100,1
B000BRSWT8,101,2
B000BRUI8Q,102,2
B000BT2JNQ,103,1
B000BT2SXC,104,1
B000BT4UBU,105,1
B000BTMC74,106,1
B000BTMD14,107,1
B000BTOBMI,108,1
B000BTODN0,109,1
B000BTU78U,110,1
B000BUBJQI,111,1
B000BUDM54,112,1
B000BUNGNW,113,1
B000BVFRMO,114,1
B000BW3XSI,115,1
B000BW91TI,116,1
B000BWETQS,117,1
B000BX20TK,118,1
B000BXF0YM,119,2
B000C0GFWA,120,1
B000C0IHMG,121,1
B000C161GO,122,1
B000C1CX2U,123,1
B000C1VCPO,124,1
B000C2SKKI,125,1
B000C7759U,126,1
B000CAZVI4,127,1
B000CB02Q4,128,1
B000CB1KYC,129,1
B000CB1MOU,130,1
B000CB2TQU,131,1
B000CBEONG,132,1
B000CBQQ8C,133,1
B000CCOIE0,134,2
B000CCXC56,135,2
B000CCXC74,136,2
B000CCZN1C,137,2
B000CD1IW4,138,2
B000CD5NT8,139,1
B000CD8KWA,140,1
B000CEM5ZC,141,2
B000CEM63I,142,2
B000CEM6F6,143,2
B000CEME62,144,2
B000CEO82A,145,1
B000CEO8CK,146,2
B000CEO8MA,147,2
B000CEO8MU,148,2
B000CEQERM,149,2
B000CFLRJ6,150,1
B000CGP0SY,151,1
B000CMDDRI,152,1
B000CP327G,153,2
B000CR498A,154,2
B000CRCRU2,155,2
B000CREPIY,156,1
B000CSOFWY,157,1
B000E19A88,158,2
B000E288BM,159,1
B000E2F2VG,160,1
B000E2ZB5S,161,1
B000E35K6C,162,1
B000E3TXJ2,163,1
B000E3WA1A,164,1
B000E439YG,165,1
B000E5QHOO,166,1
B000E5QHX0,167,1
B000E60S2A,168,1
B000E6LD5Q,169,1
B000E75HB6,170,1
B000E75I8S,171,2
B000E75JQ4,172,2
B000E75JWI,173,1
B000E75JXM,174,1
B000E75JY6,175,1
B000E75JZ0,176,2
B000E77KT8,177,1
B000E78ZX8,178,1
B000E790BE,179,1
B000E791T0,180,1
B000E791Y0,181,1
B000E7N0T2,182,1
B000E7OQ68,183,1
B000E7XHUO,184,1
B000E83V4U,185,1
B000E84Z3Q,186,2
B000E8OL3K,187,1
B000E96VFA,188,1
B000E9BM54,189,1
B000EA1604,190,2
B000EAB13Q,191,1
B000EB885O,192,1
B000EBAMEO,193,1
B000EBHHO2,194,2
B000EBJQW8,195,1
B000EBJX9Y,196,2
B000EBLRB6,197,2
B000EBLRYS,198,2
B000EBNWKA,199,2
B000EBNXHW,200,1
B000EBO3DA,201,2
B000EBO6SC,202,2
B000EDK0A8,203,2
B000EEX4FA,204,1
B000EFLQBI,205,1
B000EG6CXY,206,1
B000EG6CY8,207,1
B000EGRFKI,208,1
B000EHN7V8,209,1
B000EHNE7K,210,1
B000EHNG5A,211,1
B000EHNH40,212,1
B000EIL39K,213,1
B000EJEOU4,214,2
B000EJZ462,215,1
B000ELGJSM,216,1
B000ELT1VE,217,1
B000EMKAZO,218,1
B000EMUBWQ,219,1
B000EMUGTY,220,1
B000ENALBQ,221,2
B000ENPNIW,222,1
B000EOMYMY,223,1
B000EOQDEY,224,1
B000EOVELG,225,1
B000EOXMAM,226,1
B000ESLCSM,227,1
B000EW9ZB4,228,1
B000EXOXY2,229,1
B000EXPYJA,230,1
B000EXS4AG,231,1
B000EZT6TW,232,2
B000EZTXTK,233,2
B000EZTZKW,234,2
B000EZVV0E,235,2
B000F0G8LK,236,1
B000F260CK,237,1
B000F26NWM,238,2
B000F29N8S,239,2
B000F2SFZA,240,1
B000F49R5A,241,1
B000F5ID7M,242,1
B000F5IDCC,243,1
B000F5IG7O,244,1
B000F5LVS0,245,1
B000F5R0AI,246,1
B000F6VAKI,247,1
B000F729CU,248,1
B000F7BAVG,249,1
B000F7HZI8,250,2
B000F7OQ30,251,1
B000F8XJG4,252,2
B000F99G38,253,1
B000FAFRD0,254,2
B000FBK3II,255,1
B000FBUZ5O,256,1
B000FCAUDU,257,1
B000FCBMW8,258,1
B000FD03GI,259,1
B000FDC6PO,260,2
B000FDC92O,261,2
B000FDU9GM,262,2
B000FDW6JU,263,1
B000FDYHYW,264,1
B000FDYJ04,265,1
B000FE0DT4,266,1
B000FIDSZQ,267,2
B000FIEHII,268,1
B000FIJ4TA,269,1
B000FIJ6R0,270,1
B000FISWP2,271,1
B000FJ9CLO,272,1
B000FJ9E6M,273,1
B000FJ9WYQ,274,1
B000FJ9WZU,275,1
B000FJOZDO,276,1
B000FJQNS4,277,1
B000FJQNSE,278,1
B000FJTZ8Y,279,1
B000FK5TS8,280,1
B000FK7OYU,281,1
B000FK7ZGM,282,1
B000FK94K2,283,2
B000FKBLGW,284,1
B000FKD7TG,285,1
B000FKTMC2,286,1
B000FLD4AC,287,1
B000FMMOVQ,288,1
B000FNCXDY,289,1
B000FNCXXE,290,1
B000FNF20A,291,1
B000FNGVV4,292,1
B000FNKU84,293,1
B000FNQI8K,294,1
B000FPBVNA,295,1
B000FPBVPS,296,1
B000FPBXCE,297,1
B000FPBYQO,298,2
B000FPD0P2,299,1
B000FPFB68,300,2
B000FPMKQW,301,1
B000FQ0U7W,302,1
B000FQ0UMC,303,1
B000FQ9BQ8,304,1
B000FSA51G,305,1
B000FSEE18,306,2
B000FSY9TA,307,1
B000FTH9QO,308,1
B000FTIR6U,309,1
B000FTNXO6,310,1
B000FTO9ZI,311,1
B000FTOALQ,312,1
B000FTP77W,313,1
B000FTRLXU,314,1
B000FTTGFG,315,1
B000FTUB0K,316,1
B000FTYQB0,317,1
B000FU0Z3C,318,1
B000FV46AE,319,1
B000FXSTAA,320,2
B000FXSTFK,321,2
B000FXSZVI,322,1
B000FXUU7A,323,2
B000FXUULG,324,2
B000FXV1RS,325,1
B000FXW3R0,326,2
B000FXW47O,327,2
B000FXW4XI,328,2
B000FXW514,329,2
B000FYN418,330,1
B000FYOGQK,331,1
B000FYTOO4,332,1
B000FYXS9Q,333,1
B000FYXXZK,334,2
B000FZ1GHQ,335,1
B000FZVLLC,336,1
B000FZVM34,337,1
B000FZYX1W,338,1
B000G00XV0,339,1
B000G0QP62,340,2
B000G0QQF2,341,2
B000G0U9FK,342,2
B000G1MOIE,343,1
B000G23QFS,344,1
B000G260UQ,345,1
B000G261RI,346,1
B000G26ZEW,347,1
B000G2DU36,348,1
B000G2DUJ0,349,1
B000G2FODU,350,1
B000G2HQ86,351,1
B000G2JNGO,352,1
B000G2JQAW,353,1
B000G2L3EY,354,1
B000G32XFG,355,1
B000G3RESC,356,1
B000G77Z1Y,357,1
B000G7BCRW,358,1
B000G7BHAO,359,1
B000G7BTRU,360,1
B000G7COJM,361,1
B000G7IUYA,362,1
B000G7VSH6,363,1
B000GA4ERY,364,2
B000GA5YPK,365,1
B000GA5YQY,366,1
B000GA5YRS,367,2
B000GA7ZY8,368,1
B000GA91A4,369,1
B000GA97JO,370,1
B000GA9P3W,371,1
B000GA9P9Q,372,1
B000GACPHA,373,2
B000GBAFNA,374,2
B000GBI2A8,375,1
B000GBIOWO,376,1
B000GBK3DC,377,1
B000GBLN9K,378,1
B000GBN1SQ,379,1
B000GC68O4,380,1
B000GD3TQS,381,2
B000GD5EE8,382,2
B000GD8V7A,383,2
B000GDGQFY,384,1
B000GDXNV4,385,2
B000GE5LAO,386,1
B000GE7U1W,387,1
B000GEB3CY,388,1
B000GEBXJC,389,1
B000GEW9B8,390,1
B000GEW9RM,391,1
B000GEZWJY,392,1
B000GFCRFK,393,1
B000GFCRT6,394,1
B000GFCZHA,395,1
B000GFGPEY,396,1
B000GFGSNC,397,1
B000GFGUJY,398,1
B000GFGULM,399,1
B000GFGUMG,400,1
B000GFIHBI,401,1
B000GFOIKM,402,1
B000GGQDN6,403,1
B000GGVEM6,404,1
B000GHDOS2,405,1
B000GHMQWW,406,2
B000GHMRFI,407,2
B000GHULS8,408,1
B000GJKKJQ,409,1
B000GJKWP8,410,1
B000GJKWS0,411,1
B000GJMYTK,412,1
B000GJMZ6M,413,1
B000GKDJ02,414,1
B000GOJPO2,415,1
B000GOSLJW,416,1
B000GOSLKG,417,1
B000GR3FBS,418,1
B000GRTCYW,419,2
B000GRTI9G,420,2
B000GUU18K,421,1
B000GUVFDA,422,1
B000GUZFFE,423,1
B000GUZFKO,424,1
B000GUZFR2,425,1
B000GVYBXK,426,1
B000H0SVCW,427,1
B000H0UO86,428,1
B000H0WPVK,429,1
B000H324C2,430,1
B000H334P8,431,1
B000H4U3U6,432,1
B000H6A8TU,433,1
B000H6DKP4,434,2
B000H6DKTK,435,2
B000H6DL62,436,2
B000H6JHLK,437,1
B000H6XGS0,438,1
B000H6XGX0,439,1
B000H7NVAC,440,1
B000HAU25G,441,1
B000HAVKOS,442,1
B000HGP5JS,443,2
B000HJPDKQ,444,1
B000HJXKDS,445,1
B000HKFSGO,446,1
B000HKHYS4,447,1
B000HT6F5S,448,2
B000HT6FC6,449,2
B000HT6G5M,450,2
B000HTEJCO,451,2
B000HTELV8,452,2
B000HTIR9A,453,2
B000HTJE8I,454,2
B000HTLI0U,455,2
B000HTLM4C,456,2
B000HTNGU0,457,2
B000HTNGVY,458,2
B000HTPHHK,459,2
B000HTPHTI,460,2
B000HU8L9K,461,2
B000HVZCA0,462,2
B000HX39V2,463,1
B000HX6I7Y,464,1
B000HX79R2,465,1
B000HX807K,466,1
B000HX80HU,467,1
B000I036AI,468,1
B000I0O4F4,469,2
B000I25SWU,470,2
B000I2T7JK,471,1
B000I2WLZM,472,1
B000I2Y16Y,473,1
B000I4X1TU,474,1
B000I6Q168,475,1
B000I7GAH2,476,1
B000I7HQ7U,477,1
B000I7KVY0,478,1
B000I7OUQ0,479,1
B000I7YR4K,480,1
B000I86ABC,481,1
B000IASX9C,482,1
B000IAWVW2,483,1
B000IAWW12,484,1
B000IBF4FC,485,1
B000IBFDR6,486,1
B000IBGXR0,487,1
B000IBKTGG,488,1
B000IBKUFG,489,1
B000IBKUT2,490,1
B000IE994Q,491,1
B000IEK1B6,492,1
B000IF3VDK,493,1
B000IG2HWK,494,1
B000II56O4,495,1
B000IIDB3C,496,1
B000IIF3PG,497,1
B000IM19T6,498,1
B000IM26F2,499,1
B000IM409M,500,1
B000IMY344,501,1
B000IN9ML2,502,1
B000IN9MLC,503,1
B000IN9MM6,504,1
B000INNBYQ,505,2
B000INP1K8,506,2
B000IO8RTE,507,1
B000IOH0J2,508,1
B000IR11XA,509,1
B000IZQH0E,510,1
B000IZRWVW,511,1
B000IZTT0Y,512,1
B000J2M5WA,513,1
B000J36GLU,514,1
B000J41P1U,515,2
B000J438VU,516,2
B000J44NLY,517,1
B000J46SNA,518,1
B000J47EBA,519,1
B000J4FHDC,520,1
B000J4FHF0,521,1
B000J4GJ8E,522,1
B000J4J3JQ,523,1
B000J4JYEA,524,1
B000J4MM4O,525,1
B000J6ZYL0,526,2
B000J9YQPM,527,2
B000JBZ686,528,2
B000JC0YJQ,529,2
B000JFDBTS,530,1
B000JFHW66,531,1
B000JI4POK,532,1
B000JLCJIQ,533,1
B000JLIYE4,534,1
B000JLJZNI,535,1
B000JTCT3S,536,1
B000JTEO3G,537,1
B000JUERTG,538,1
B000JWHZWU,539,1
B000JWVPYO,540,1
B000K2JMTI,541,1
B000KAYR5E,542,2
B000KAYR8G,543,2
B000KB0VJO,544,2
B000KB0W34,545,2
B000KB315A,546,2
B000KBLALC,547,1
B000KBNFH4,548,1
B000KBPHU2,549,1
B000KD1YYI,550,1
B000KD24EC,551,1
B000KD3X42,552,1
B000KE190G,553,1
B000KEKBQY,554,1
B000KESI9G,555,1
B000KF7NPK,556,1
B000KFYU24,557,1
B000KGKBIA,558,2
B000KGKBOO,559,1
B000KGMHAA,560,1
B000KGMHBY,561,1
B000KGMHFU,562,1
B000KGOKCI,563,1
B000KGOKDW,564,2
B000KGOKLE,565,1
B000KHDKNM,566,1
B000KHDLKO,567,1
B000KHRQDM,568,1
B000KJ9F2A,569,1
B000KJRIT2,570,1
B000KJRXJW,571,2
B000KJVSA2,572,2
B000KK0OII,573,1
B000KK0OOM,574,1
B000KK2NC8,575,1
B000KLV1CA,576,1
B000KLW7GO,577,2
B000KM2D0S,578,1
B000KM4FFE,579,1
B000KMCCVI,580,1
B000KMCX8U,581,1
B000KMGJ6C,582,1
B000KPQTPU,583,1
B000KV5STW,584,1
B000KVU8MY,585,1
B000KW7C0E,586,1
B000KWQ5MU,587,1
B000KWY66W,588,1
B000KX1DKI,589,1
B000KXYUB2,590,2
B000KY4048,591,1
B000KY552Y,592,2
B000KY6KYG,593,1
B000KY7X4M,594,1
B000KYFR1S,595,1
B000KYIPB2,596,1
B000L3R52C,597,1
B000LF645E,598,1
B000LGILA4,599,1
B000LGKHCE,600,1
B000LMLFO2,601,1
B000LMWILG,602,1
B000LN1TF6,603,1
B000LN407K,604,1
B000LNCA9A,605,2
B000LNE9R6,606,2
B000LQU2XS,607,1
B000LRCDM0,608,1
B000LSOLBA,609,2
B000LSOMKA,610,2
B000LSON7M,611,2
B000LSOQ9W,612,1
B000LUV3NW,613,1
B000LWC5LY,614,1
B000M12Z28,615,1
B000M1AKWA,616,1
B000M21H2Q,617,1
B000M300MS,618,1
B000M34H3Q,619,1
B000M4KTG4,620,2
B000M4LQVQ,621,1
B000M5IXSE,622,1
B000M5O432,623,1
B000M5OUAO,624,1
B000M8T8US,625,1
B000M9JHW6,626,1
B000M9N0H4,627,1
B000M9O4PG,628,1
B000MF68X6,629,2
B000MF94AK,630,1
B000MN6HDY,631,1
B000MN8E7G,632,1
B000MN8ODU,633,2
B000MN8OR6,634,2
B000MN9K42,635,1
B000MN9KCE,636,1
B000MNBN60,637,1
B000MRG8H0,638,1
B000MRG92O,639,1
B000MRHY46,640,1
B000MS1M84,641,1
B000MV6BIC,642,1
B000MVEZF8,643,1
B000MVJ95Y,644,1
B000MVJ9LI,645,1
B000MVKZ5W,646,1
B000MXKMIU,647,2
B000MXKMJE,648,2
B000MXKMKS,649,2
B000N256LS,650,1
B000N3Q72O,651,2
B000N3X9EI,652,2
B000N4U02Q,653,1
B000N5K61K,654,1
B000N6K2E0,655,1
B000N8Q4TK,656,2
B000N8Q5DU,657,1
B000N8Q5JE,658,2
B000N8RX40,659,1
B000N8RX7M,660,1
B000N8S0Y2,661,2
B000N8THMQ,662,1
B000N8TJP6,663,2
B000N9E2WA,664,1
B000N9P2VK,665,1
B000N9RXH6,666,1
B000NBDSEQ,667,1
B000NBLYWO,668,1
B000NC0K82,669,1
B000NDDB1O,670,1
B000NDMXZE,671,1
B000NFAPR0,672,1
B000NFAPT8,673,1
B000NFCFE6,674,1
B000NFCFW8,675,1
B000NJGSWW,676,1
B000NJGSXQ,677,1
B000NN4N98,678,1
B000NO5P8K,679,1
B000NPL7TK,680,2
B000NVUXOO,681,1
B000NVUXTE,682,1
B000NVUY7K,683,2
B000NVVIUM,684,1
B000NVVLKY,685,1
B000NVWYVE,686,1
B000NVWZ18,687,1
B000NWJMP4,688,2
B000NWKPAU,689,2
B000NWL20C,690,1
B000NWLLC6,691,2
B000NWN4QM,692,1
B000NX376S,693,1
B000NX38LM,694,1
B000NZ8X42,695,1
B000NZSV8A,696,1
B000NZW3KC,697,1
B000NZXMS4,698,2
B000O1F67C,699,1
B000O3KW0G,700,1
B000O3P576,701,1
B000O3RF06,702,1
B000O5EY6W,703,1
B000O5I4RW,704,1
B000O5ID5K,705,1
B000O5K8LC,706,1
B000O6XHHS,707,2
B000O9HI98,708,1
B000OB75YE,709,1
B000OBRMFQ,710,1
B000OBRMJM,711,1
B000OBRMM4,712,1
B000OBRQ7U,713,1
B000OBRTSG,714,1
B000OBS7C8,715,1
B000OBSFOI,716,1
B000OBSH0A,717,1
B000OBSYPI,718,1
B000OBV1GM,719,1
B000OBWYWC,720,1
B000OBXAZ2,721,2
B000OBXB0Q,722,2
B000OEZPHA,723,2
B000OL8XJA,724,1
B000OLEH9U,725,1
B000OLKI2A,726,2
B000OM1YP4,727,1
B000OM3WSQ,728,1
B000OM8XJ4,729,1
B000OQSXTA,730,1
B000OZSWHO,731,1
B000OZSWOM,732,1
B000P20ZC6,733,1
B000P2844M,734,1
B000P4KYJS,735,1
B000P4RXZ6,736,1
B000P4S6RU,737,1
B000P4U9Z2,738,1
B000P5529Y,739,1
B000P57KWG,740,1
B000P5RYHM,741,2
B000P6EQCC,742,1
B000P6IKDI,743,1
B000P6PI1U,744,2
B000P78J9M,745,1
B000P7RIR6,746,1
B000P7Y9SC,747,1
B000PBFB12,748,2
B000PBFBKI,749,2
B000PBHCLO,750,2
B000PBJ4ZQ,751,2
B000PHG4D0,752,1
B000PHG4L2,753,1
B000PHI5L4,754,1
B000PI07S2,755,1
B000PID7X4,756,1
B000PJEUH0,757,1
B000PSN37Y,758,1
B000PX0Z4I,759,1
B000PYDEQS,760,1
B000PYDEXQ,761,1
B000PYER2S,762,1
B000PYF0CO,763,1
B000PYGSPC,764,1
B000PYH43W,765,1
B000PYH7RU,766,1
B000PYIIOG,767,1
B000PYM8WY,768,1
B000Q53KRE,769,1
B000Q54AFK,770,1
B000Q72HPI,771,1
B000Q72J4W,772,1
B000Q8ODJU,773,1
B000Q8SC9M,774,1
B000QU69FY,775,2
B000QUZSXS,776,1
B000RK84H4,777,2
B000RKA62K,778,2
B000RL4NPK,779,1
B000RLJPPS,780,1
B000RLJR9C,781,1
B000RLJVOS,782,1
B000RLK30Y,783,1
B000RLOU8U,784,1
B000RLP2I2,785,1
B000RLVMJU,786,1
B000RYYB36,787,1
B000RZ1J2G,788,1
B000RZ2G96,789,1
B000RZ4Z2M,790,1
B000RZRRNG,791,1
B000RZTHAC,792,1
B000S0DHEI,793,1
B000S0QH7M,794,2
B000S0T95E,795,2
B000S6K5RY,796,1
B000SDRLO2,797,1
B000SDV8NC,798,1
B000SDX8CG,799,1
B000SRV7EI,800,1
B000SSD9LQ,801,1
B000STB8GS,802,1
B000STCFRE,803,1
B000STSVYU,804,1
B000SWWQV6,805,1
B000SXEG5Y,806,1
B000SZWAN2,807,2
B000SZYOJU,808,1
B000TJI4SW,809,1
B000TJKIL8,810,1
B000TJP2OG,811,1
B000TPFU2Y,812,1
B000TPI06M,813,1
B000TPJYCQ,814,1
B000TQ890I,815,1
B000TQUP4G,816,1
B000TRKBOY,817,1
B000TRKBVC,818,1
B000TTKM8M,819,1
B000TTMLTA,820,1
B000TTNDKG,821,1
B000TYT49U,822,1
B000TZXMXS,823,1
B000U0MZJ4,824,1
B000U0N3G8,825,1
B000U0P2FS,826,1
B000U0QKHW,827,1
B000U0SSPY,828,1
B000U0T4N4,829,1
B000U6GZUS,830,1
B000U7U7II,831,1
B000U7XHB2,832,1
B000U84Y6S,833,1
B000U8AR9Q,834,1
B000U8CHRG,835,2
B000UB5QC6,836,1
B000UGV48G,837,1
B000UGVFA8,838,1
B000UH0S00,839,1
B000UJGNGG,840,2
B000UJXG98,841,1
B000UJZAA6,842,2
B000UOER1E,843,2
B000UOJT6C,844,2
B000UOKVQY,845,2
B000UPZK50,846,1
B000URUN0A,847,1
B000USSUIG,848,1
B000UU338G,849,2
B000UU8LWY,850,2
B000UUE9GQ,851,1
B000UUE9KC,852,1
B000UUEE3Y,853,1
B000UUI7UK,854,1
B000UUSBLA,855,1
B000UUSC3C,856,1
B000UV7SHC,857,1
B000UV7V06,858,1
B000UVDBPK,859,1
B000UVPUYU,860,1
B000UVSUII,861,1
B000UVZPBI,862,1
B000UWEY50,863,1
B000UWHZMY,864,1
B000UWN78A,865,1
B000UWOKEA,866,1
B000UXA2HS,867,1
B000UZ8NPO,868,1
B000UZCRPG,869,1
B000UZJSNU,870,1
B000UZVD3S,871,1
B000V05P90,872,1
B000V3ZDSU,873,1
B000V4Q5TK,874,1
B000V4VJFA,875,1
B000V4VKWM,876,1
B000V4X3UO,877,1
B000V5B7WY,878,1
B000V5D7GS,879,1
B000V5MAUW,880,2
B000V5O5V4,881,1
B000V5PNC4,882,2
B000V6WK0G,883,1
B000V6WP9M,884,2
B000V6WPFG,885,2
B000V7RJVU,886,1
B000V8BGJU,887,1
B000V9KM30,888,1
B000V9YE02,889,1
B000VA2AD4,890,1
B000VAUI4M,891,1
B000VC11RI,892,1
B000VCWJRE,893,1
B000VL29TI,894,1
B000VRACKA,895,1
B000VS8VGQ,896,1
B000VS9TJ4,897,1
B000VS9ZPW,898,2
B000VSBOO2,899,1
B000VSBRUS,900,1
B000VSBSW0,901,2
B000VSDPXU,902,2
B000VSHLSK,903,1
B000VSXXNC,904,1
B000VSYO9E,905,1
B000VTBII8,906,1
B000VTFUBE,907,1
B000VTGIXS,908,1
B000VTMHFG,909,1
B000VVVCBO,910,1
B000VVVMSW,911,1
B000VVVN1S,912,1
B000VWPN5O,913,2
B000VY9PU6,914,1
B000VYBTSM,915,1
B000VZK3X8,916,1
B000VZK630,917,1
B000VZMC1E,918,1
B000VZQYZE,919,1
B000VZQZ3K,920,1
B000W119NO,921,1
B000W11C6I,922,1
B000W11MTK,923,1
B000W11O0W,924,1
B000WCXNNW,925,1
B000WD35F2,926,1
B000WNLILA,927,1
B000WNNGOC,928,1
B000WOWXE0,929,1
B000X7T7KY,930,1
B000X91E7G,931,1
B000X9CWUO,932,1
B000XMOQSM,933,1
B000XMOQT6,934,1
B000XMRUFS,935,1
B000XMRXD2,936,1
B000XVO7E6,937,2
B000XVT6SS,938,2
B000XXKNZG,939,1
B000XZQKNS,940,1
B000XZTJH2,941,1
B000XZVFDS,942,1
B000Y0QTK6,943,1
B000YHNE7A,944,1
B000YXJFWW,945,1
B000YXK43G,946,1
B000YXL9QC,947,1
B000YXLBG0,948,1
B000YXPLY8,949,1
B000Z3P12E,950,2
B000Z8BNNA,951,1
B000Z8BO5M,952,1
B000ZBHKAW,953,2
B000ZBMOGM,954,2
B000ZFRJLI,955,1
B000ZH9RKM,956,2
B000ZH9T6Y,957,1
B000ZHDIHK,958,2
B000ZHE51S,959,1
B000ZN968Y,960,1
B000ZPQY5A,961,1
B000ZYOJQW,962,1
B000ZZXVS8,963,1
B001GMAQVE,964,1
B001GMAR0O,965,1
B001GMAR2C,966,1
B001GMAUF6,967,2
B001GQ1S6W,968,1
B001GQ1SJE,969,1
B001GQ1VE6,970,1
B001GQ1VV4,971,1
B001GQ1VVE,972,1
B001GQ1W9K,973,1
B001GQ1WQS,974,1
B001GQ1WS6,975,1
B001GU0RDI,976,1
B001GUM8WG,977,2
B001GURA92,978,1
B001GVIOXM,979,1
B001GVIP18,980,1
B001GVIP8Q,981,1
B001GVIPA4,982,1
B001GVIPO0,983,2
B001GVIPRC,984,2
B001GVZP16,985,1
B001GW3Y7M,986,1
B001H0EPLM,987,1
B001H0F20U,988,1
B001H0F2I2,989,1
B001H0F3C2,990,1
B001H0F3OK,991,1
B001H0F42G,992,2
B001H0F71E,993,2
B001I90CD2,994,1
B001II5JN6,995,1
B001IWDDYO,996,1
B001IWODBQ,997,1
B001IYAGH4,998,2
B001J1T9HY,999,1
B001JJBEG0,1000,2
B001JJBEHY,1001,2
B001JJBET2,1002,2
B001JJBFCS,1003,1
B001JJBFGY,1004,1
B001JJBFQY,1005,1
B001JJBG5O,1006,1
B001JP5HH6,1007,1
B001JP5IBG,1008,1
B001KU612A,1009,1
B001L9C3M2,1010,1
B001L9C3RC,1011,1
B001L9CP8O,1012,1
B001L9DPEM,1013,1
B001L9HH5A,1014,1
B001L9HH6O,1015,1
B001LNIKUW,1016,1
B001LNLCMK,1017,1
B001LNLEU0,1018,1
B001LNLL8K,1019,1
B001LNN57K,1020,1
B001LNO6IC,1021,1
B001LNO6QE,1022,1
B001LNSKT8,1023,1
B001M0MYCE,1024,1
B001M0MYPG,1025,1
B001MDC372,1026,1
B001MDD8R6,1027,1
B001MDDDOY,1028,1
B001NKW93M,1029,1
B001NLX7JQ,1030,1
B001NN47YS,1031,2
B001NPD5LM,1032,2
B001NPD6PM,1033,1
B001V8NRZK,1034,1
B001V8YMOA,1035,1
B002A9K1U8,1036,2
B002A9K29S,1037,2
B002ACP8SA,1038,2
B002ACP9DY,1039,2
B002ACPDV2,1040,2
B002AK1MQY,1041,1
B002APTA9K,1042,2
B002APTBQM,1043,2
B002APVF70,1044,2
B002APVG9M,1045,2
B002AQRL0Y,1046,1
B002B80GDK,1047,1
B002B82UY8,1048,1
B002B8A2FC,1049,1
B002BCEJ8O,1050,1
B002BWQN5G,1051,1
B002CNZWDS,1052,1
B002FTNYVQ,1053,1
B002HEX14E,1054,2
B002HEX1F8,1055,2
B002HRF81A,1056,1
B002HRF8HY,1057,1
B002HRFDWO,1058,1
B002I9ZDYO,1059,1
B002I9ZF0Q,1060,1
B002IFT5EC,1061,1
B002JEBM8E,1062,1
B002KHNEXG,1063,1
B002LSI2WW,1064,2
B002LSI38K,1065,2
B002LSI3CG,1066,2
B002MI73I0,1067,1
B002MJV7EA,1068,1
B002N8JNFU,1069,1
B002NL7T2G,1070,1
B002NPCHC4,1071,1
B002ONC40U,1072,1
B002OOZGP4,1073,1
B002Q4U7XS,1074,1
B002Q4UB48,1075,1
B002Q4UTTU,1076,1
B002QGTDCC,1077,1
B00A01NE84,1078,1
B00A0AGBIA,1079,1
B00A0AGG1M,1080,1
B00A0AGI7Y,1081,1
B00A0AGOXW,1082,1
B00A0AGPXG,1083,1
B00A0AGR0C,1084,1
B00A0D4NGE,1085,1
B00A0D4T68,1086,1
B00A0D8V26,1087,1
B00A0D8VY4,1088,1
B00A0EKST4,1089,2
B00A0ELI1G,1090,2
B00A0ELOTW,1091,2
B00A0ELS7K,1092,2
B00A0ELVMC,1093,2
B00A0EMDVK,1094,2
B00A0I40J4,1095,1
B00A0I44OK,1096,1
B00A0I5WW8,1097,1
B00A0I5Z0C,1098,1
B00A0I60CY,1099,1
B00A0I6768,1100,1
B00A0I6A7O,1101,1
B00A0I6D2Q,1102,1
B00A0I81TO,1103,1
B00A0I86DA,1104,1
B00A0I86S0,1105,1
B00A0I89MS,1106,1
B00A0I8BIA,1107,1
B00A0I9ZTO,1108,1
B00A0L8TNE,1109,2
B00A0LB9JU,1110,2
B00A0LBKKS,1111,2
B00A0LBNRI,1112,2
B00A0M1UHA,1113,1
B00A0M8J5G,1114,1
B00A0MVODK,1115,1
B00A0MVYHQ,1116,1
B00A0MWE5W,1117,1
B00A0N17VI,1118,1
B00A0NBNRQ,1119,1
B00A0NCEH4,1120,1
B00A0P8B10,1121,1
B00A0P8E5I,1122,1
B00A0QHK6Q,1123,1
B00A0QXFSS,1124,1
B00A0QY0UK,1125,1
B00A0R3E4W,1126,1
B00A1A7TSU,1127,1
B00A1AL9VS,1128,1
B00A2AD4RY,1129,1
B00A2AF2KG,1130,1
B00A2AXFVO,1131,1
B00A2AZC5Q,1132,1
B00A2BZ7JG,1133,1
B00A2BZAJS,1134,1
B00A2BZF5W,1135,1
B00A2CG15E,1136,1
B00A2CQ3OI,1137,1
B00A2CQ6LI,1138,1
B00A2CQ8ES,1139,1
B00A2H21Z8,1140,1
B00A2NQZEK,1141,1
B00A2NW0DA,1142,1
B00A2OBD9Q,1143,1
B00A2POAZO,1144,1
B00A2PQ75K,1145,1
B00A2PURWE,1146,1
B00A2PVDWC,1147,1
B00A2PW772,1148,1
B00A2SRY5O,1149,1
B00A2TGJUE,1150,2
B00A2TGQ2K,1151,2
B00A2TH0XO,1152,2
B00A2THEMQ,1153,2
B00A2TI4GQ,1154,2
B00A2TJDRA,1155,2
B00A2TLWQA,1156,1
B00A2UTYVE,1157,1
B00A2V0I0O,1158,1
B00A2V38VA,1159,1
B00A2VJII2,1160,1
B00A2W2MFM,1161,2
B00A2W2ZT0,1162,1
B00A2WO7PU,1163,1
B00A2XM8HS,1164,2
B00A2XMIT6,1165,2
B00A2Y1VXY,1166,2
B00A3AQETS,1167,1
B00A3AWF6O,1168,1
B00A3B6GY0,1169,1
B00A3B72ES,1170,1
B00A3BJ6NS,1171,1
B00A3BO3B8,1172,1
B00A3C1IF6,1173,2
B00A3C24WW,1174,2
B00A3C2FP8,1175,2
B00A3FCCUS,1176,1
B00A3G05WE,1177,1
B00A3G1WUS,1178,1
B00A3G7ITM,1179,2
B00A3G8LI4,1180,1
B00A3G9Q9M,1181,2
B00A3GAW6S,1182,2
B00A3HDEXK,1183,1
B00A3HDGKG,1184,1
B00A3HDGRO,1185,1
B00A3HDHS2,1186,1
B00A3HE0GU,1187,1
B00A3HE0Z6,1188,2
B00A3HE1HS,1189,1
B00A3HEN1C,1190,2
B00A3HFOT2,1191,2
B00A3I5B4Y,1192,2
B00A3MV1VW,1193,1
B00A3MV3CO,1194,1
B00A3MV4XC,1195,1
B00A3MV7YI,1196,1
B00A3MVA7M,1197,1
B00A3MVCUC,1198,1
B00A3MVFG8,1199,1
B00A3MVGBW,1200,1
B00A3MVHDO,1201,1
B00A3MVI7E,1202,1
B00A3MVV94,1203,1
B00A3OSBJ0,1204,1
B00A3OTB26,1205,1
B00A3PESAK,1206,1
B00A3QECW8,1207,1
B00A3QM0NG,1208,1
B00A3QM374,1209,1
B00A3QM6EE,1210,1
B00A3QM7DO,1211,1
B00A3QPQGY,1212,1
B00A3RZYV0,1213,1
B00A3S022A,1214,1
B00A3S4OZ6,1215,2
B00A3S4TWE,1216,2
B00A3S4UKU,1217,2
B00A3W5WU8,1218,1
B00A3Y9MXE,1219,1
B00A3Y9U9U,1220,1
B00A3Y9WAC,1221,1
B00A4BICZ0,1222,1
B00A4GSNX6,1223,1
B00A5BE2L2,1224,1
B00A5R4AY0,1225,1
B00A6AN8MQ,1226,1
B00A6AUVJ4,1227,1
B00A6GPX9Q,1228,1
B00A6GX42O,1229,1
B00A6GYP54,1230,1
B00A6HOC6U,1231,1
B00A6HOOUY,1232,1
B00A6HOZYE,1233,1
B00A6HWY9C,1234,1
B00A6HXY1E,1235,1
B00A6JDJBM,1236,1
B00A6JIKVG,1237,1
B00A6JIKWU,1238,1
B00A6KDFEC,1239,1
B00A6KDHKY,1240,1
B00A6TEFTM,1241,2
B00A6TFL4A,1242,2
B00A6TUGXQ,1243,1
B00AEJPQBA,1244,2
B00AEJPW0A,1245,2
B00AELM47M,1246,2
B00AEOCFQE,1247,2
B00AEOCHGW,1248,2
B00AEOCK14,1249,2
B00AEQ62Y8,1250,2
B00AEQ6AKE,1251,2
B00AEQ6D1A,1252,2
B00AERYUXM,1253,2
B00AESCSQ2,1254,2
B00AF7GYI0,1255,2
B00AF7H0R4,1256,2
B00AF7H2NQ,1257,2
B00AF7H9R0,1258,2
B00AF7HED4,1259,2
B00AF7SQTU,1260,2
B00AF7STOM,1261,2
B00AF81EPM,1262,2
B00AF82ZJG,1263,2
B00AF83EO6,1264,2
B00AFC3RCQ,1265,2
B00AFL0CEI,1266,2
B00AFPA7BC,1267,2
B00AFPNCFA,1268,2
B00AG07AJ8,1269,2
B00AGFDYUW,1270,2
B00AHCK5CY,1271,2
B00AHCKDG2,1272,2
B00AHCKL96,1273,2
B00AHEOSMK,1274,2
B00AHEPIJC,1275,2
B00AHEPLXU,1276,2
B00AHEPVOE,1277,2
B00AHSMDV4,1278,2
B00AIBPCW2,1279,2
B00AIKUBEM,1280,2
B00AIKUE80,1281,2
B00AIKUFN4,1282,2
B00AIKUG8S,1283,2
B00AIKUHHI,1284,2
B00AIKUJL2,1285,2
B00AILDFWG,1286,2
B00AIUMRVC,1287,2
B00AIUMS20,1288,2
B00AJGWP5I,1289,2
B00AJJHO2Y,1290,2
B00AJJHONI,1291,2
B00AJJHQBI,1292,2
B00AJJHRX0,1293,2
B00AJLBAXG,1294,2
B00AJLIWUA,1295,2
B00AJLJEF2,1296,2
B00AJLJIMG,1297,2
B00AJLJMEU,1298,2
B00AJLKBQ8,1299,2
B00AJLKDAW,1300,2
B00AJLKHH6,1301,2
B00AJLLTRS,1302,2
B00AJLM2NI,1303,2
B00AJLMA1W,1304,2
B00AJLQBLW,1305,2
B00AJM5ID8,1306,2
B00AJM5OQY,1307,2
B00AJM5SJM,1308,2
B00AJM5WCU,1309,2
B00AJQUP5U,1310,2
B00AJQV27K,1311,2
B00AK3UYTY,1312,2
B00AK4DXCI,1313,2
B00AK4F830,1314,2
B00AK4FCU4,1315,2
B00AK4FFT2,1316,2
B00AK4YZN4,1317,2
B00AK4YZSY,1318,2
B00AK6IE66,1319,2
B00AK8SULS,1320,2
B00AKCDC1W,1321,2
B00ALRWASW,1322,2
B00ALRWODS,1323,2
B00ALW7UAK,1324,2
B00ALYZCZS,1325,2
B00AM1AXVS,1326,2
B00AM1QGG4,1327,2
B00AMCF1ZA,1328,2
B00AMCF5ME,1329,2
B00AMCFDIA,1330,2
B00AMCV1CC,1331,2
B00AMD4Z3S,1332,2
B00AMDTNTY,1333,2
B00AMDTRQS,1334,2
B00AMDTXJE,1335,2
B00AMKIIJS,1336,2
B00AMKPFY4,1337,2
B00AMM26SK,1338,2
B00AMM2P8Q,1339,2
B00AMM37LU,1340,2
B00AMMB0GY,1341,2
B00ANGUDCG,1342,2
B00ANGUMGI,1343,2
B00ANGUOMA,1344,2
B00ANGUTA2,1345,2
B00ANGV2HG,1346,2
B00ANGV3QG,1347,2
B00ANJKQWA,1348,2
B00ANKMXIO,1349,2
B00ANKNSR4,1350,2
B00ANKOP08,1351,2
B00ANTUJSQ,1352,2
B00ANTUMOW,1353,2
B00AO0E1X8,1354,2
B00AO10IXY,1355,2
B00AO10R12,1356,2
B00AO10XDE,1357,2
B00AO10Z3W,1358,2
B00AO1CHS8,1359,2
B00AO1CKTE,1360,2
B00AO33FPU,1361,2
B00AO33I2A,1362,2
B00AO46OWU,1363,2
B00AO46TGG,1364,2
B00AO4741K,1365,2
B00AO4773A,1366,2
B00AO49HVK,1367,2
B00AO49IT6,1368,2
B00AO4A1P6,1369,2
B00AO4A1SI,1370,2
B00AO4A3PY,1371,2
B00AO4A9SK,1372,2
B00AO4FVNI,1373,2
B00AO4GFDI,1374,2
B00AO5KLGE,1375,2
B00AO60UAA,1376,2
B00AOA4QRO,1377,2
B00AOA74IM,1378,2
B00AOGL8E2,1379,2
B00AOGNMJG,1380,2
B00AOGNNQS,1381,2
B00AOJGM7C,1382,2
B00AOJGNO4,1383,2
B00APGAIYW,1384,2
B00APL5AEK,1385,2
B00APWJW7U,1386,2
B00APWJX1A,1387,2
B00APWJXTW,1388,2
B00AQ0IXB2,1389,2
B00AQ8D13Y,1390,2
B00AQ8D5B2,1391,2
B00AQ8YC1Y,1392,2
B00AQ8YDZO,1393,2
B00AQATA78,1394,2
B00AQATCIK,1395,2
B00AQAZN6A,1396,2
B00AQIZII0,1397,2
B00AQJ04T2,1398,2
B00AQPM1FG,1399,2
B00AQQA0V2,1400,2
B00AR3DYF8,1401,2
B00AR3GIFG,1402,2
B00AR9M4GM,1403,2
B00AR9M642,1404,2
B00AR9UEXC,1405,2
B00AR9UK9A,1406,2
B00AR9US9W,1407,2
B00AR9UVYE,1408,2
B00ARH81NY,1409,2
B00ARH8JP4,1410,2
B00ARH9066,1411,2
B00ARH92PU,1412,2
B00ARH96VA,1413,2
B00AS5LE52,1414,2
B00AT9ETT0,1415,2
B00ATHFMFM,1416,2
B00ATIGX5O,1417,2
B00ATRUB5S,1418,2
B00ATXFEPO,1419,2
B00ATYRSQG,1420,2
B00ATYRXWU,1421,2
B00ATYS3V0,1422,2
B00EDK5ZW6,1423,2
B00EDTMMQO,1424,2
B00EDTMZD4,1425,2
B00EE4FYCW,1426,2
B00EE4G0LG,1427,2
B00EE4G5AW,1428,2
B00EE4G6MY,1429,2
B00EEEACE2,1430,2
B00EEEAESG,1431,2
B00EEEAG9S,1432,2
B00EFIC7XG,1433,2
B00EFICGQY,1434,2
B00EFICJFM,1435,2
B00EFICVP0,1436,2
B00EI9CNMM,1437,2
B00EI9D0Q0,1438,2
B00EIAECKM,1439,2
B00EIAEESC,1440,2
B00EIMT232,1441,2
B00EIMTCX2,1442,2
B00EIMVDSO,1443,2
B00EIMVI2A,1444,2
B00EJMLP36,1445,2
B00ENOAZLI,1446,2
B00ENOB1IE,1447,2
B00ENRCYZU,1448,2
B00ENRD3N2,1449,2
B00ENTSW18,1450,2
B00EPAO20U,1451,2
B00EPAO3O0,1452,2
B00EPAO50C,1453,2
B00EPEQZU6,1454,2
B00EPER24O,1455,2
B00EPQO3DU,1456,2
B00EPYBQU0,1457,2
B00EPYCEWO,1458,2
B00ER1U22E,1459,2
B00ER1U5SA,1460,2
B00ES892UE,1461,2
B00ES894YI,1462,2
B00ESAF3PK,1463,2
B00EVVX5CE,1464,2
B00EVVX5CY,1465,2
B00EVVX5D8,1466,2
B00EVVX5EC,1467,2
B00EY9QJEE,1468,2
B00EY9QKTS,1469,2
B00EYMX5EI,1470,2
B00EYMZ3H0,1471,2
B00F092ZE0,1472,1
B00F092ZJA,1473,1
B00F0TFBVY,1474,2
B00F0THSAG,1475,2
B00F0U0GBI,1476,2
B00F10ONU2,1477,1
B00F10W9PS,1478,1
B00F13JN9K,1479,1
B00F14J6UU,1480,1
B00F14JPN8,1481,1
B00F14KL7W,1482,1
B00F14KMY4,1483,1
B00F15CH1E,1484,1
B00F167IPS,1485,1
B00F168BHC,1486,1
B00F169X8S,1487,1
B00F191TBE,1488,1
B00F191ZUE,1489,1
B00F33EGC2,1490,1
B00F34XHJY,1491,1
B00F34XNKM,1492,1
B00F35FCBO,1493,1
B00F35FEXU,1494,1
B00F35FGD8,1495,1
B00F35FMVY,1496,1
B00F35FQCY,1497,1
B00F35FSW2,1498,1
B00F35HYQA,1499,1
B00F35MW3U,1500,1
B00F35N05E,1501,1
B00F36ENWM,1502,1
B00F36GT42,1503,1
B00F36H6Z8,1504,1
B00F36HD6A,1505,1
B00F36IB20,1506,1
B00F36IRLU,1507,1
B00F37R8QY,1508,1
B00F37RG3Y,1509,1
B00F37ZCM6,1510,1
B00F3822BE,1511,1
B00F38WJ8K,1512,1
B00F38XOAM,1513,1
B00F38XSA8,1514,1
B00F38Y10O,1515,1
B00F38YEX8,1516,1
B00F38YUH8,1517,1
B00F38YZJG,1518,1
B00F38Z2VG,1519,1
B00F44X48C,1520,2
B00F44X58Q,1521,2
B00F45V5SM,1522,2
B00F46SZYS,1523,2
B00F46UXIY,1524,1
B00F47A356,1525,1
B00F47XJHA,1526,1
B00F48DKTQ,1527,2
B00F48E63K,1528,2
B00F48ETHS,1529,2
B00F48FAVW,1530,2
B00F48GMXW,1531,1
B00F48GSSQ,1532,1
B00F48GSZ4,1533,1
B00F52LUKW,1534,2
B00F52LWAK,1535,2
B00F53G90W,1536,1
B00F56HYE4,1537,1
B00F56JUOG,1538,1
B00F57NVEA,1539,1
B00F5Q4UVO,1540,2
B00F5Q5IBK,1541,2
B00F5Q65GC,1542,2
B00F5Q6EEA,1543,2
B00F5Q6SIW,1544,2
B00F5Q6ZNU,1545,2
B00F5XWBY0,1546,2
B00F5XWMXK,1547,2
B00F5XWSUC,1548,2
B00F627AIM,1549,1
B00F62JGUM,1550,1
B00F635JWK,1551,1
B00F635JZC,1552,1
B00F64WOO0,1553,1
B00F64ZOC4,1554,1
B00F64ZOCO,1555,1
B00F65MAZ2,1556,1
B00F65MD0Y,1557,1
B00F66R7M2,1558,1
B00F6EAIV6,1559,1
B00F6MTXB4,1560,1
B00F76TSGY,1561,1
B00F88IQV4,1562,1
B00F88YA3W,1563,1
B00F89V304,1564,2
B00F8OHE48,1565,1
B00F8OI7XU,1566,1
B00F8OU17K,1567,1
B00F8PUIA4,1568,2
B00F8R2VLG,1569,1
B00F8W4SR6,1570,1
B00F928PME,1571,1
B00F928PMY,1572,1
B00F928YCK,1573,1
B00F92920S,1574,1
B00F92924E,1575,1
B00F92A65S,1576,2
B00F92ARH0,1577,2
B00F93DVS6,1578,1
B00F93DZQ4,1579,1
B00F93E80G,1580,1
B00F951U6O,1581,1
B00F951V0E,1582,1
B00F951VRW,1583,1
B00F952AI6,1584,1
B00F952H6G,1585,1
B00F952L58,1586,1
B00F96T2EA,1587,2
B00F97QC1K,1588,1
B00F989P54,1589,1
B00F98EI6A,1590,1
B00F98L6EM,1591,1
B00F99PTRQ,1592,1
B00F9FFQZA,1593,1
B00F9XTW0W,1594,1
B00F9YA8TA,1595,1
B00F9YY7V0,1596,1
B00F9YYQKW,1597,1
B00F9YYX82,1598,1
B00FA2IXM0,1599,1
B00FA2RGZ0,1600,1
B00FA2V6WO,1601,1
B00FA2WKDS,1602,1
B00FA3JYEA,1603,1
B00FA3U3HM,1604,2
B00FA8KNYU,1605,1
B00FA8KXCM,1606,1
B00FA9A9Y8,1607,1
B00FA9FR54,1608,1
B00FA9HIXI,1609,1
B00FADCBFY,1610,1
B00FAHD3AM,1611,1
B00FAHD8CA,1612,1
B00FAKCA5S,1613,1
B00FAKLA4U,1614,1
B00FAKLH20,1615,1
B00FAKMRK6,1616,1
B00FAKMX4G,1617,1
B00FAKN85O,1618,1
B00FAKNKSY,1619,1
B00FAKNU0C,1620,1
B00FAKO5C4,1621,1
B00FAKOSXA,1622,1
B00FALL3KU,1623,1
B00FALLJJK,1624,1
B00FALLJS6,1625,1
B00FALLYIG,1626,1
B00FALLYJU,1627,1
B00FALM4V2,1628,1
B00FAMLLH4,1629,1
B00FAMLX5E,1630,1
B00FAMUSNM,1631,1
B00FAMV2F0,1632,1
B00FAMV3H2,1633,1
B00FAMV5UM,1634,1
B00FAMV7EG,1635,1
B00FAMV8NG,1636,1
B00FAN7MLC,1637,2
B00FAO76LW,1638,1
B00FAP2QBG,1639,1
B00FAQ0VXA,1640,1
B00FAQ0Y64,1641,1
B00FAQ17YC,1642,1
B00FAQ1D7I,1643,1
B00FAQ1OJA,1644,1
B00FARBJAI,1645,1
B00FARBPHK,1646,1
B00FARDE24,1647,1
B00FARE11M,1648,1
B00FAS2R6M,1649,1
B00FAVIWOU,1650,1
B00FAVIX30,1651,1
B00FAWM0CE,1652,1
B00FAZPHM6,1653,1
B00FB0IEVQ,1654,1
B00FB38HEM,1655,1
B00FB38M4C,1656,1
B00FB39HWI,1657,1
B00FB3BBK4,1658,1
B00FB3BFJG,1659,1
B00FB3FIRG,1660,1
B00FB427S8,1661,1
B00FB43JVW,1662,1
B00FB43XHC,1663,1
B00FB48JDU,1664,1
B00FB48P2U,1665,1
B00FB6IKC8,1666,2
B00FB6IW80,1667,2
B00FB6J3A6,1668,2
B00FB6J5CC,1669,2
B00FB6JKTA,1670,2
B00FB761R8,1671,1
B00FB765Z6,1672,1
B00FB7S8A6,1673,1
B00FB7SB8U,1674,1
B00FB8Y7LO,1675,1
B00FB9A92E,1676,1
B00FB9RXPK,1677,2
B00FBA042S,1678,1
B00FBJTE5C,1679,1
B00FBP4B40,1680,1
B00FBPKI92,1681,1
B00FBPM8OK,1682,1
B00FBRGJKM,1683,1
B00FBVRIYO,1684,1
B00FBVRVFA,1685,1
B00FCDEJKW,1686,1
B00FCG85KE,1687,1
B00FCG86UI,1688,1
B00FD5WP6E,1689,2
B00FDA6ARY,1690,1
B00FDKZV88,1691,1
B00FDL0IHQ,1692,1
B00FDL6ZGY,1693,1
B00FDL7ARW,1694,1
B00FDL7CWU,1695,1
B00FDL7NN8,1696,1
B00FDL7P4A,1697,1
B00FDL7SQK,1698,1
B00FDL869I,1699,1
B00FDL8EHM,1700,1
B00FDL8OJA,1701,1
B00FDL8PMG,1702,1
B00FDL8RFG,1703,2
B00FDLB6BI,1704,1
B00FDLBBRW,1705,1
B00FDLKHUO,1706,1
B00FDLKJ7A,1707,1
B00FDLKL1Y,1708,1
B00FDLT1KG,1709,1
B00FDMQ9KK,1710,1
B00FDMQA90,1711,1
B00FDMQAQ8,1712,1
B00FDNPMWK,1713,1
B00FDO9HAM,1714,1
B00FDPPOV2,1715,1
B00FDQWIY2,1716,1
B00FDW5JAG,1717,1
B00FDWEREU,1718,1
B00FDWOYXE,1719,1
B00FE01A6O,1720,1
B00FE01RCQ,1721,1
B00FE03FEO,1722,1
B00FE2B16Q,1723,1
B00FE2BASA,1724,1
B00FE2BM1A,1725,1
B00FE2BX46,1726,1
B00FE2BXWS,1727,1
B00FE2DF4M,1728,1
B00FE5AEYI,1729,1
B00FE5AIE4,1730,1
B00FE5AM04,1731,1
B00FE6UZ5A,1732,1
B00FE9UV0Q,1733,1
B00FEC5EGY,1734,1
B00FEC96W2,1735,1
B00FEC9L3G,1736,1
B00FEC9PXC,1737,1
B00FEC9QPE,1738,1
B00FECAWS4,1739,1
B00FED8JBU,1740,1
B00FEE53E0,1741,1
B00FEEGGF0,1742,1
B00FELU7UI,1743,1
B00FELUMY4,1744,1
B00FEP280Q,1745,1
B00FEP45QQ,1746,1
B00FEPAAII,1747,1
B00FEPAGPK,1748,1
B00FEPB73K,1749,2
B00FEQSZAM,1750,2
B00FEQZU2S,1751,1
B00FER0NOW,1752,1
B00FER0W02,1753,1
B00FESX050,1754,1
B00FESYH84,1755,1
B00FESZPKS,1756,1
B00FETG5Q0,1757,1
B00FETJ9AE,1758,1
B00FEW63KA,1759,1
B00FEWUHHK,1760,2
B00FEWUHN4,1761,2
B00FEZOTB2,1762,1
B00FEZQF14,1763,1
B00FF27NG2,1764,1
B00FF4RW20,1765,1
B00FF4WBE4,1766,1
B00FF4WC20,1767,1
B00FF4WDX8,1768,1
B00FF756QG,1769,1
B00FFA8XPE,1770,1
B00FFAH9PE,1771,1
B00FFC5O2C,1772,1
B00FFC66ZG,1773,1
B00FFC75IS,1774,1
B00FFC81NQ,1775,1
B00FFCDVD6,1776,1
B00FFCRLO6,1777,1
B00FFCROD4,1778,1
B00FFCSCNK,1779,1
B00FFCSDDY,1780,1
B00FFCSU6Y,1781,1
B00FFCT360,1782,1
B00FFCWDEY,1783,1
B00FFCWWT0,1784,1
B00FFCY02C,1785,1
B00FFCYQ26,1786,1
B00FFD0BD8,1787,1
B00FFD1UJW,1788,1
B00FFD21NQ,1789,1
B00FFD4I8W,1790,1
B00FFD5G56,1791,1
B00FFHRMZ4,1792,1
B00FFK2O2W,1793,2
B00FFKKNGG,1794,1
B00FFKLRNE,1795,1
B00FFKM04Y,1796,1
B00FFKZB22,1797,1
B00FFL8S0I,1798,1
B00FFL8TKW,1799,1
B00FFL95JQ,1800,1
B00FFYMW8Y,1801,1
B00FFYMY5K,1802,1
B00FFYN59Y,1803,1
B00FFYN8ZU,1804,1
B00FFYXONG,1805,1
B00FFZ3CC8,1806,1
B00FFZ3IF4,1807,1
B00FFZ3OUI,1808,1
B00FFZM9FY,1809,2
B00FFZTZ7O,1810,1
B00FG10JUE,1811,1
B00FG9BI06,1812,1
B00FG9C4CW,1813,1
B00FG9QS5G,1814,1
B00FGDQ2VM,1815,1
B00FGDSNU0,1816,1
B00FGFGUKI,1817,1
B00FGFJL5E,1818,1
B00FGKCEOE,1819,2
B00FGKVMOM,1820,1
B00FGKZZNQ,1821,1
B00FGL4I0Q,1822,1
B00FGL5FGW,1823,1
B00FHLMXYI,1824,2
B00FHLN0X6,1825,2
B00FHO1TLI,1826,1
B00FHOE89S,1827,1
B00FHP0RMO,1828,1
B00FHRK9FM,1829,1
B00FHW5LZ0,1830,1
B00FHW5OIE,1831,1
B00FHW5SBW,1832,1
B00FHW61SQ,1833,1
B00FHXQSKQ,1834,1
B00FIXCOY4,1835,1
B00FJ1J128,1836,2
B00FJ1UO2Y,1837,2
B00FJ5I8R8,1838,1
B00FJ69RKO,1839,1
B00FJ69U3S,1840,1
B00FJ6DXZO,1841,2
B00FJ9RKKK,1842,1
B00FJ9U4CQ,1843,1
B00FJS8H4O,1844,2
B00FJS8YQU,1845,2
B00FJX5AN0,1846,1
B00FJX6EQC,1847,2
B00FK8FRZK,1848,1
B00FKD8OIM,1849,1
B00FKDA5MU,1850,1
B00FKG3VP0,1851,1
B00FLNKHSG,1852,1
B00FLNKKRE,1853,1
B00FLNKPJW,1854,1
B00FLNKYIY,1855,1
B00FLNLU46,1856,1
B00FLNMC34,1857,1
B00FLODYZ8,1858,1
B00FLOEL0U,1859,1
B00FLOI2DC,1860,1
B00FLRQQSW,1861,1
B00FLZ7FGQ,1862,1
B00FLZAPOK,1863,1
B00FLZJIDO,1864,1
B00FM57JB6,1865,1
B00FM58WCQ,1866,1
B00FM7MHZ2,1867,1
B00FM8XK4S,1868,1
B00FMMZHTU,1869,1
B00FMN394O,1870,1
B00FMNFXSE,1871,1
B00FMNG57W,1872,1
B00FMNPPFA,1873,1
B00FMQIRUC,1874,1
B00FMQIW6G,1875,1
B00FMQO1SY,1876,1
B00FMRHJ2I,1877,1
B00FMRHPRW,1878,1
B00FNFVSGC,1879,1
B00FNFVSW6,1880,1
B00FNG1OSS,1881,1
B00FP14X2A,1882,2
B00FP14XP2,1883,2
B00FP14YGA,1884,2
B00FP1JBXG,1885,1
B00FPFPFVE,1886,1
B00FPOFYR0,1887,1
B00FQL1AM0,1888,1
B00FQL1FDE,1889,1
B00FQUAY3M,1890,2
B00FQV3654,1891,2
B00FQV3CB2,1892,2
B00FQVNBDQ,1893,2
B00FQVOA2C,1894,2
B00FRDD5XO,1895,2
B00FRGHCEY,1896,1
B00FSDF2HU,1897,1
B00FSDFFRM,1898,1
B00FW3BLW6,1899,2
B00FW3BP2W,1900,2
B00FXM31C4,1901,1
B00FY7VEQI,1902,2
B00FY7VF1C,1903,2
B00FY7VGXO,1904,2
B00FY7VIEQ,1905,2
B00FY7VKLW,1906,2
B00FY7VM6U,1907,2
B00FY7VQD4,1908,2
B00FY7VXQ4,1909,2
B00FY7VZB2,1910,2
B00FYEXFSG,1911,2
B00FYEXOG4,1912,2
B00FYEYQGQ,1913,2
B00FYF04PW,1914,2
B00FYF4LXI,1915,2
B00FZK81P6,1916,1
B00FZO7YM8,1917,1
B00FZZ2Z8U,1918,1
B00G163I5Q,1919,1
B00G163IDS,1920,1
B00G255IFO,1921,1
B00G313A0C,1922,1
B00G31KPC8,1923,2
B00G31LP40,1924,1
B00G31LRNY,1925,1
B00G37F4TG,1926,1
B00G3YEBMA,1927,2
B00G3YH8WA,1928,2
B00G435Z34,1929,1
B00G4C26GE,1930,2
B00G599BB4,1931,1
B00G599W40,1932,1
B00G59A708,1933,1
B00G6243WW,1934,1
B00G6608GS,1935,1
B00G7151RS,1936,1
B00G7820IY,1937,1
B00G7U673G,1938,1
B00G7UE03K,1939,1
B00G9JLHA8,1940,1
B00GA0TFUU,1941,1
B00GA3EZN4,1942,2
B00GAI69LU,1943,1
B00GAML79K,1944,1
B00GANZ8YE,1945,1
B00GAO3FMK,1946,1
B00GAO8S68,1947,1
B00GAO9AWE,1948,1
B00GAXF150,1949,1
B00GAY8X4K,1950,2
B00GAY95WE,1951,2
B00GAY9FVK,1952,2
B00GAYGGBM,1953,2
B00GAZHOC6,1954,2
B00GAZMA2A,1955,2
B00GB01TJE,1956,2
B00GB01VN8,1957,2
B00GB0RED4,1958,2
B00GBF2H5Y,1959,1
B00GBG1FOC,1960,1
B00GBG1XMG,1961,1
B00GBU1QYM,1962,2
B00GBU2CJK,1963,2
B00GBU308M,1964,2
B00GBU6G5Q,1965,2
B00GBU6YJ4,1966,2
B00GBUGDUY,1967,2
B00GBVNUUY,1968,1
B00GBVQ22M,1969,1
B00GBW9SMM,1970,2
B00GBWQLJK,1971,1
B00GCAAVA6,1972,1
B00GCD1CII,1973,1
B00GCPJ0HG,1974,1
B00GCR683I,1975,1
B00GEKMX64,1976,2
B00GEKTUJM,1977,2
B00GFIS2PQ,1978,1
B00GFP4GFE,1979,1
B00GHNLVV6,1980,1
B00GI4L2F4,1981,1
B00GILYPNI,1982,1
B00GMDKGX0,1983,1
B00GP292Q0,1984,2
B00GP295TO,1985,2
B00GP29814,1986,2
B00GP298UA,1987,2
B00GPA9MBC,1988,1
B00GPKYYBU,1989,1
B00GRI74CQ,1990,1
B00GRWU5S2,1991,1
B00GSPQGZO,1992,1
B00GSVGHXO,1993,1
B00GTO4UFM,1994,1
B00GTQ002C,1995,1
B00GTQ04GY,1996,1
B00GTRFM1U,1997,1
B00GTSM5FU,1998,1
B00GU1UZMQ,1999,1
B00GU1VBI8,2000,1
